id,title,category,language
2874a48f059ccaa747d160ed784aa948,controller der buchhaltung,Accounting,de
5c0296f04a461ce91c66d7e3720928a5,distrikt kreditverarbeiter verwaltung st paul,Accounting,de
7d8763f7901258fd1199c37fe3285513,contador pessoal area de chicagoland,Accounting,pt
a45d92a1a657bc7c90fa8c9334e50cd2,lider de conta para projetos especiais seguranca nacional,Accounting,pt
361b06df0dab699152183317b0e18c74,manager product design,Accounting,en
b62203673e7e5fe6a2f9f0251df21005,hauptbuchhalter rechnungsprufung,Accounting,de
cc13cc4224842e4a5ee5db4de3f509a0,director core asset management tax,Accounting,en
8278cebfb00ea5aa7652933ee5fe1736,regional accounts administrator,Accounting,en
5e90f1a21bc539885a62102271c5761a,auditor contabile padova,Accounting,it
815086c458fbedf076ea7e9aee2fde5d,bookkeeper payroller,Accounting,en
afc0709d3c518f22dd392e30d63087f3,henderson buchhalter,Accounting,de
8008a8e58157a163e13279bb7917359c,project manager tts los angeles san diego,Accounting,en
5c2eb6e71091766f96211d3f529e65bd,transportation billing csr coordinator,Accounting,en
244b88bfd3dd6559b541205602d42e94,distribution capital accountant,Accounting,en
3fdd100784b4587ed3b60ba91318215f,interim cash manager,Accounting,en
04951e841b774d0c52e32fec251b91ef,accountant flexible hybrid schedule,Accounting,en
0bd2e63898dde9d4146a7fd2f86fe651,staff accountant denver,Accounting,en
259fc2cf7ed6217eb1272ab5aaaf132c,crediti d imposta dirigenti,Accounting,it
bfea8f8b865e123d413f77b3ba93dc8a,branch manager jackson wy,Accounting,en
aefab3721bb5c37a098034e498d08c74,tax associate corporate,Accounting,en
6f556bd10785c474328df9ca0b47cd1f,accounts payable data,Accounting,en
5db174b2228eca0a072cc1765b808256,consulente internazionale di consulenza fiscale le imprese nel nord est leeds,Accounting,it
62c919f8cd594b32df038b1250926c01,attorney debt resolution specialist,Accounting,en
e9e4cc769b805ea6e518fc0c14a42b55,sharp management group medical billing collections specialist,Accounting,en
9e09f113ec704ca08e00e9b41e75ffd6,payroll administration manager,Accounting,en
67bddfad7fe481d4be0cf9bbf8fe679f,auditor info technology,Accounting,en
6bc74a533a084f04a0337e9fd00825bd,accountancy finance programme,Accounting,en
dadbfa0214a6de9df5c7375d406606b8,contabile edile,Accounting,it
9473ccbf9dcfb654d35d6bcb0dabef6d,capo contabile amministrativo padova,Accounting,it
b93d66b332835bc5fd6be0e362daf42e,impiegata impiegato studio paghe,Accounting,it
9ab938ce6c2f9a3f3de08c5bc69a0390,addetto alla contabilita del prodotto,Accounting,it
66b428a13bf5679d801c7d99a8922e1f,accountant henderson nevada,Accounting,en
b0966e6ec775fb15708e7e644e5b8096,especialista em sistemas contabeis port huron,Accounting,pt
9ce88daf125492ed514db7a65717001f,accounts payable rebate accountant,Accounting,en
6b1476b47fa2ed36d0f9779fe01642c7,e associato al controllore interno,Accounting,it
6b0d841b3b9a1af195eac8b868244fb2,director of internal audit compliance risk,Accounting,en
aff04a8f8dbf0f692fd00669032416f7,deposit operations specialist processing,Accounting,en
01848d3beced17d86a8743fe565c1902,branch office administrator middletown de,Accounting,en
f2295b2fce6f6ef05c05f15a801c46ba,hammer steel inc billing coordinator groartige gehaltsvorteile langfristiges potenzial,Accounting,de
a1a24d1c130eb0c6a2bcbd972ecf6b09,abrechnungsspezialist p rotierender sat,Accounting,de
395272185a31ebcdfbd9ac8acc5c52ca,assistente contabile gruppo istituzioni finanziarie,Accounting,it
bbf91ebbb741cbf48f476f7eeb7416ae,tax identification assignment,Accounting,en
31fab9240df0608cc03027de172c1e48,fund accounting manager controller,Accounting,en
bb9fa28e4e83540e9130d9c7c6a5b3a2,impiegata contabile import export h,Accounting,it
20296592bc7b6929eccc28170bc75f6b,urgent care for kids llc accounts receivable specialist,Accounting,en
15f90c86deb06fdd900d4c605f844b3e,supervisor ar management,Accounting,en
cb2971e26bdc35d042c5c2817c181834,sede di su tutto il territorio,Accounting,it
ba931343d50eb51a28bcf49d7ad7670c,servicos de plano beneficios auditor equipe,Accounting,pt
e5decc6c84339d122517dae4ccf3ecbe,usa tax economics group jd llm staff,Accounting,en
3f7b468d04e6722b373b71a2d2c72e80,gerente tributario pe vc,Accounting,pt
9fc0bd1a82b8182266657208a4664448,bi lingual spanish recruiter,Accounting,en
f7340ea33d9e41438dd566de9629d8ad,hb coding educador auditor,Accounting,pt
8c67dc80357c169eeb5ce0f61bf35476,non degree holder accounting finance staff,Accounting,en
5a75d5e68b7a376033fb7bdec88a9068,usuario corporativo de livros rapidos contador,Accounting,pt
9dc165f2741b72b375870c8aad18b4bc,gruppo di benefici pensionistici professionali finanziari ks overland park,Accounting,it
ef5598af762be17bc84cc22b4c1dd6de,school bookkeeper williams environmental riverview,Accounting,en
fb6987a7a97fbb7500b5a2569f88a7e2,veterans automotive guest advisor sarasota fl,Accounting,en
5a7ff45fb680009750f54d0e3af1a9b1,accounting administrator huntsville,Accounting,en
c565f4612ce3c34da4206c40bcace4a1,interim head of payroll month ftc,Accounting,en
062b3cee0b507786756bdd3868209916,bookkeeper quickbooks online expert,Accounting,en
29d57105d7fdb208035ab2107b2125bc,customer accounts advisor high point,Accounting,en
9f11cfbd7b44687d5f911a61c82f82bf,business project manager,Accounting,en
5ff500b69600a83a3c2494753150a1a9,accounting clerk tribal,Accounting,en
d527c3f4671eb978e374d34cca6a4aa1,semi buchhalter chelmsford,Accounting,de
4916cf20f70775b67ae7b6e8460c4629,credit control administrator,Accounting,en
528c4ec81b41ad9099b82721932429be,accountant external financial reporting,Accounting,en
dbe00d5444d112bcd1ab9d069d4357f2,contabile del personale dirigente fiscale,Accounting,it
904b751819bf4b1d47cf7c0628bdcc1a,payments accounts assistant,Accounting,en
4dacc047e1d621295d2a23a37d4ad0f6,tax manager cannabis green tech,Accounting,en
78ab5412d9980849eb3bf6e5068a1ec7,client onboarding associate knoxville tn,Accounting,en
12ea3acd90544bd4dd0c6dd201db2167,payroll specialist gbs,Accounting,en
7c8324f84917e5e1220bf8a63336c35d,regional tax manager emea,Accounting,en
4bb045c39600ba59e0087ecf91d7570b,impiegato contabilita gestione gare,Accounting,it
deea24ecba9bd6161868ab66123173b8,modelador financeiro contabilista de gestao grupo,Accounting,pt
10ae433b572caa0c93e2edd7240c22ae,branch assistant chicago,Accounting,en
3b226b3722fd4f644ddd589d3a15e0c3,valutatore del rischio di incendio completamente a casa,Accounting,it
f7ed7f2787ea0e83309f890709b6d538,information systems technical auditor,Accounting,en
375e0b193812f71426d6039ae34c8f56,operatore recupero crediti,Accounting,it
5878cec83bedcd56efc30a073c42c057,auditor technology data quality,Accounting,en
d7dfaee605b3e5fa8eeebdc6fbd9ab02,oracle systems manager gelegenheit,Accounting,de
8163fa728791c24f975dea443db53638,accounting associate deal review team,Accounting,en
113fdb1abc81b8c0f245c7fc37879f39,financial accountant renowned luxury retailer,Accounting,en
09eab4aea319e5a68e9d76bdd7140a35,operational taxes manager,Accounting,en
c4097d1703b56ec88a94683187df6bb9,technology assurance audit richmond sommer,Accounting,de
26261af298d597c62cb0ffe0203cca83,aca no profit al piu presto inizio,Accounting,it
d79b07ec1761d3e7f35c9f17b0bc6d92,finanz compliance prufer,Accounting,de
0deefcae2651d84e3ea858ee2c3bb104,project accountant implementation,Accounting,en
453d0c84f2a722536e7c3912073275d3,fund accountant real estate venture capital house,Accounting,en
b95bcb2a0919eec45dfbf097b393ff70,reconciliation auditor,Accounting,en
b691582695fd5f8f6dc5ffc51e2a9b60,polish accountant assistant,Accounting,en
5ba8f3a1b211336bbf544b80eeeff021,manager cerner patientenbuchhaltung ft tag,Accounting,de
ae6b0d9ad859ae3e2f9895f0a393b758,especialista em cobranca internacional,Accounting,pt
d08c71fba367e3832693d388be33400b,branch manager staten island market,Accounting,en
d8f8e8f1a0ca9739656db3e27b1dbc51,zahlungsabwickler fur,Accounting,de
d711758afd9b9d5b8b58246a64d11e88,responsabile fatturazione contatore,Accounting,it
bedef06b0b1ad75ca0e7cf5b7dbd608f,designato del partner responsabile contabile,Accounting,it
a0e8208460de3e2b056b8c39f7ff4aa7,finance professional billing associate,Accounting,en
e174be214e3a01d23951721390dba3bc,denny inc franchising business coach,Accounting,it
b78651b1e1be25d0bde822e809ceb045,tassa di custodia del proprietario prodotto,Accounting,it
abb2eea30983aed1f4e7c5f44362f997,necessari neolaureati commercialisti di base,Accounting,it
08757862a23479d0262f9b92448ee80e,lecturer computer science,Education,en
2eef3b2271a6e1644e5ef53a2121f266,charlotte praxis core reading instructor,Education,en
c1cb54a95219ca099ed8f16a3b6269ff,garland genetics instructor,Education,en
88bef18b5b7476b9a52175f6380805df,history teacher worthing,Education,en
f42db3eefbdde17ab01ea6f3ce08cf3b,highland park ap calculus bc tutor,Education,en
8536c169b258368a979b620ea56c38ab,leader della materia dell insegnante di musica,Education,it
b257baff4f60197158eb0143249d1b3f,insegnante privato di linguaggio musicale docente anche,Education,it
5b280f2e800c37beeea4302a60586cd3,english tutor salisbury,Education,en
cbeae45b7a5ba2f8ef4efa10790a3209,dolmetscher aylesbury,Education,de
ada6ded2d547219b17ee138e79ced7a8,science teacher horsham,Education,en
c5bbe0e77f8345c00b094e0b93ab7e7a,assistente insegnante supplente bristol,Education,it
ee1f9b8b9ed98b3ca341d4dd8894cfa5,teaching assistant for schools direct,Education,en
3da6b4fe69d31f79acd232808ea79cd7,insegnante di scienze kent,Education,it
c974cfbb16d9cb7c014f7c16d016acdf,paraprofessional native american education,Education,en
2cc139ae392aa6d59d65a29453079a54,empregos de especialista em cpc dallas fort worth,Education,pt
fc4a4944f4beccf969273af59bd5aba4,assistant dean community engagement business,Education,en
e7540cf08690d6ede06da8d79a2251e5,professor fur pharmazie,Education,de
f68f03833dc37cc0ef5109255fdb9a39,spanish tutor batley,Education,en
765d884e80282a586afc6e3dff460947,tulsa gre fachtest psychologie tutor,Education,de
7896f663f86b77e1e18e46c3f22f9d1b,wissenschaftlicher assistenzprofessor fur neurologie,Education,de
de92519f56c410d11d88ce68d1fad7d3,dallas fort worth probability instructor,Education,en
e5d149eff0f69b3883d85c174a81f6b4,teachers of science now,Education,en
be4aa52ad5bf4231766c5efc792e74ba,web developer coding instructor new york city ny,Education,en
55a8e44a8406b619a3b8dfa9d4cbc3a1,special needs teaching assistant lambeth,Education,en
a7757b6488d9d9387e968c20c88557b6,teaching assistant newhaven school,Education,en
00be6079d59b8b35aba3323808f5ab21,empregos de professor fisica aghamore south,Education,pt
acb001d111f017455494c66fa89029a0,assistente de ensino da escola primaria chelmsford janeiro,Education,pt
1f0845b8ccd00ef24288a7a074ea65fe,personal tutor eastbourne,Education,en
0f938e82a9adee62499b19b2c3811d13,teacher assistant floater,Education,en
ebf83d2bde20b8f319686c9cbf355a16,roggen franzosisch nachhilfe,Education,de
dc66e3b540de060dc2d7c540d5ad47b7,assistant teacher north bronx,Education,en
7d3506ab7f6e2e7b9c022d2cd4d6ae0e,title specialized programs teacher assistant paul es,Education,en
df6782575a9690ecccd74fdc68b197ff,explorer teacher,Education,en
f866ecff1d1ce7d1ef86ffa93c90a822,albuquerque wcet tutor,Education,en
088e23cd6abcf02b8b6bbd0c7a985028,tenure track assistant professor mathematical data science,Education,en
5aa45153fc08ac5db132f528156c2edf,docente a contratto di pedagogia delle scienze matematiche,Education,it
b2d43e646f3400b965259effc4a5608c,teaching assistant st,Education,en
2a37ef05e8d97d75047b1a13d4bf4875,clinical applied assistant professor of nursing,Education,en
b672a35d379157c09db9dd5c54edbcdf,registrar fur den besuch der mittelschule,Education,de
335e6ebac817ef3a869dea24b99642d1,dallas fort worth ncsf instructor,Education,en
cd8f9612992e48047e010b17b8c349b2,assistant professor clinical instructor of nursing,Education,en
20cd8132d1c5dfc9f49cc06d49dbca6e,gerente de caso conselheiro escolar profissional,Education,pt
b4dec8f7417810411e92ca49d878a2a2,teacher school for students with learning,Education,en
9057713a2b3101017b88c6ccaadab50f,professor de enriquecimento matematica elementar,Education,pt
d12d7532dda6f4660945c6706809a018,assistant professor lecturer of teacher education,Education,en
b3841ab4db8b3a48c1301314a72870a2,management organizations department lecturer questrom school of business,Education,en
7ffba12332471d9467daf0e8dd5f6d13,instructional assistant professor of studies,Education,en
0bc97c6c5bcf382216a8cc4435261e7c,professor cair,Education,pt
9c580ddb144e2fe504fa915f97e31670,buffalo praxis core writing instructor,Education,en
e848561cbc98b79e5079b8ef6f45b193,education department assistant director,Education,en
9534f72525ec2077c7c6ebe89b873142,instrutor adjunto pool programa de mestrado em desenvolvimento infantil adolescente,Education,pt
b3bc8b86603bb4268ecb60001c14d1f8,primary teaching assistant interventions only,Education,en
41f8d2d4821100ea0cc941710c95b711,sen teaching assistant hill redbridge,Education,en
79e3f3d56fb47f09a306dc701b85fc4e,jacksonville ap english literature composition tutor,Education,en
3687b8fce18bdc5a5f678bb9693087ea,instrutor de equipamentos pesados,Education,pt
c8f87b9946a46b62be76e11608e2553c,teilzeitlehrerpool fur,Education,de
266aa0fcc241afd5a37b8d3420792658,faculty pool computer science instructor,Education,en
fe6d542a580d8f1201aa5c90c96169c2,practical instructor environmental conservation agriculture,Education,en
5d764dc5755dfc6bb176520684d27357,ks lehrassistent cardiff,Education,de
25742546799ef4c68a3a5d10504c0455,integriertes lesen schreiben,Education,de
28e059e49c234b463c6aa6791ab07427,dallas fort worth cism instructor,Education,en
554239bf3e9b34e1f6d15512d640daa8,term caterer powell primary school dorking,Education,en
e396929e9153d4d55ba2c209d917a9ec,westchester ap biologietutor,Education,de
d9b807758508e0b1d790eebf4205e123,uks intervention tutor start,Education,en
25074889ea0aaf9b1aa14613804d7899,associate professor of philosophy,Education,en
86bb37335899a44eb560809611cdfa86,columbus crm expert,Education,en
217a547021ff1a61703b47f695cd32f6,insegnante piu di reclutamento,Education,it
5cdcda1a487a94bcff426283c00512e0,esol tutor colchester,Education,en
4ac0601de8babae8812922387bf56af6,teacher ms girls pe,Education,en
bdcadf58d4f523187e13aab011b2a285,paraprofessionals extended deadline,Education,en
7341e008c69a8b6d24a081d6aeb9524e,trabalhos de tutor ingles acton,Education,pt
0b77cd8cdbe5d71f7428e4fedf629e22,heranca escola montessori huntton beach professor assistente,Education,pt
ddad4e2963e97ad5b1dd4866823be35b,adjunct instructor paralegal,Education,en
b61f272edf24f305305dd879981f89c6,downers grove ap world history tutor,Education,en
d36bddfbf6ba3093228d53eebc49dd0a,assistant the vice dean eh,Education,en
819ce8387b8a2b2a4d661249ba42341a,th grade teacher st john paul school,Education,en
0e1f01c7a9bc8860d06fc8e5275ebe75,chicago praxis special education expert,Education,en
9f70600992a1819d20ac36a82c2f32bc,lehrer zugabe akademie,Education,de
46590824489f0207a2ee3c254313b01b,teacher cooper perry primary school,Education,en
a8c0780f3a7a2c7bbe74090c164e5258,dayton gre subject test biology tutor,Education,en
62ffd28c227100b332ee9e5ccbe596de,assistenzprofessor der fur,Education,de
a8e011267b85302ffe2ddfb67e070d83,farsi interpreter bicester,Education,en
aaa831e46b55438effd18da829143afe,assistant professor primary education,Education,en
e563ae046b4b78b5483772fcca773874,post medical education assistant,Education,en
a9a2e1b18d05d1fb0d55873330de21c1,als mathelehrer an der grundschule in atlanta,Education,de
892fb4f3946f780148383d11b939f623,assistant professor criminal justice criminology,Education,en
3b47ae94baafa5ea9b76c486cd6faf27,asc specialist mentor middlesbrough,Education,en
9a9000c51281af76b8146c4e5680fceb,proposal expert,Education,en
ef9cc04cad4f8d174a74cc6ed011481a,tucson te istruttore,Education,it
1d569ce82228d5c52369017c25f634f3,assistant professor computer animation game art,Education,en
211fd7bd4b23837eb7f0b45a1181d1d3,visitatore domestico della prima infanzia,Education,it
7e016002bd87885853610dc3e3c12641,adjunct instructors geography earth sciences,Education,en
48097cde68295605e0a86d701920158a,new york city act legge di istruttore,Education,it
7e64f8d789886da0be0eb5b254f99c56,denver ap macroeconomics instructor,Education,en
c5d2d1627cdefca0959f4fbab2a647f6,as florestas empregos especializados,Education,pt
1936ada746c265869bcdd863295ead63,dari interpreter melksham,Education,en
da3e8de93e39e205895459d955512fed,primary behavioural teaching assistant wirral,Education,en
2e61663b3e2dad79a2c3186dc6c123ee,social studies teacher,Education,en
61c1fac4e9313880097fe98eb9979c20,sen teaching assistant for pupils on autism spectrum,Education,en
9cf7be054dc6b3b8f5a82897818d6571,finite mathematics instructor,Education,en
e8c3d6a49c0f1b465d45e47b1dbfb095,originatore di mutuo ipotecario costa orientale della florida centrale,Finance,it
2d9a81049a7d7c490d1be4e6c60213bb,bpa transactions actuary,Finance,en
6396f00576bc9fab0b51d5b712e849e0,risk compliance manager solicitor,Finance,en
d7c5f697bff1d515cecd4ba6427811e0,consumer investments financial solutions advisor development south ma,Finance,en
b24f50bfaa2d6720361498bdd435ee44,supervisor financial forensics dispute advisory services,Finance,en
a4f45786520683379398d39723723fc2,contact center specializzato in soluzioni finanziarie cumberland,Finance,it
55bc964f0b94d5c7358b9f2002100e63,diretor associado de servicos financeiros pi,Finance,pt
c05e0f4c41b547685d2fbe45cab2749e,financial accountant sec reporting associate,Finance,en
506b9a202034ec1ec7b1ba151f8ea673,consumer investments financial solutions advisor development ocean ranch center,Finance,en
ed3fc32eb43076223ee7dc6ca3fcf07f,personal banker safe act el cajon branch,Finance,en
d9c208e1b123d8ee2795b1bde39eef97,diretor financeiro serra,Finance,pt
86622828e35496a130c91f15e6176f22,finance admin paraplanner central london k excellent study support,Finance,en
76364d57dec8d6d1dcafff7562938e8d,controller hr richmond telecomando,Finance,it
1675e59a2ca151e00d44f5af04deb5db,safety risk specialist,Finance,en
f813c8e9a246ada69c49faba72150bec,small business healthcare credit admin manager,Finance,en
a3345398d356eeae3df052c7beee0c6d,teller central ave ne minneapolis mn,Finance,en
4bdf1fb6dd89465cb697d873f3126e77,dokumentenkontrolleur manchester,Finance,de
25b509fd77a9af81cd048748bb0025c9,associato a rischio di alluvione commerciale,Finance,it
f342f39720e8b61fd0762f1b5d53d483,usa tax people advisory services mobility,Finance,en
01576a3f5838677b06a72d54c7a457a7,personal banker inland northwest district,Finance,en
a9817b3b37c179cf0145e2d27831fd81,financial advisor midtown union square east side regions,Finance,en
67147b8606dd8a8d6d5b4821bc8cbfd9,accounting associate banking,Finance,en
2a68c861a2a1269694b33f5d28c55881,financial restructuring associate,Finance,en
21cfd3654e6e0363d82eed1a673cb9cc,manager cis investment management,Finance,en
90f7da978cf0816ea9adeed493be43e0,vice presidente de gestao portfolio financas equipamentos,Finance,pt
6bb560c61f86013066717e5ad6548667,responsabile del trattamento dei dati al dettaglio aziendale tutto l anno broomfield,Finance,it
4cd9933cf079465e9f7ce3a94e115322,personal banker ft springfield sunshine,Finance,en
848c605a34e45aa1704d0996f487ce18,direttore attuario,Finance,it
4e16dcadbe41b458ff4a6a618dbbafc9,cargo assistente de gerente financeiro,Finance,pt
0005e4d875b8bfdebe3855f3c3915f26,addetto allo sportello regionale estivo nord,Finance,it
8b5dd1cd6327f73607acbec02a7cf040,payment operations risk associate,Finance,en
41e3759bf695d1ae96c9898d96d9459f,capital finance director,Finance,en
8e10e0f33864e9c067ca1db9fdcfce91,merrill financial solutions advisor di intermediazione,Finance,it
e0403f5f81b0e560383acb9f038d05eb,group risk manager,Finance,en
de691bf0a9fba0ed82785ee6ed3f6a39,personal financial solutions praktikum im bereich client operations,Finance,de
62d9a8a6b2fdf408813394144e0118c7,fs manager bancario,Finance,it
ac4b6491fb6ee80c98a7c61962cc62a0,anmeldebonus fur den online support prozessor von mariner finance,Finance,de
8407d5ae03c7a33e10df1f85ddbdbb2d,teller banking center,Finance,en
03471afb2dfdcdfe15c3aef99c5ca730,service banker benson dundee omaha ne,Finance,en
4774c23156bb89426f1b52f7f46decd0,director product management advisors,Finance,en
001b3022430ca229205d41dbbcc8bc40,director of financial operations,Finance,en
0092c43079d8da8dd23ec6d1e6b19d3b,finanzberater mitte devon,Finance,de
99f4ecc0fddabde8adceb196e30ba405,wealth management securities based lending associate lender,Finance,en
71b359655d61f457e0d6c9b1eb72c0b1,kassierer manager olney vollzeit,Finance,de
cb8f8ad5eb2448a9cdd962b3b8c57baa,client service associate business management plano,Finance,en
0025374fe7c496fc7da0e1b0218ff671,confianca de educacao oficial financas,Finance,pt
f5f724f74455796734b56232671f1ab3,teller route,Finance,en
1c347df6d8940eed4095243530d17a9c,teller conroe branch,Finance,en
c9c450e99bd1b494b954d37cf9387e0a,gerente fiscal contabil divida,Finance,pt
fe49780f7ac910dd00238710b73d68de,ramo piu vicino,Finance,it
888ea66692efe3639cb5d488558089e7,associado de private equity em londres,Finance,pt
83fda126bee5092cd68eb2f2d5331819,california bank trust branch relationship banker san francisco ca,Finance,en
76e9c25a4bb7b4e703eab19c5755c835,corporate finance executive international advisors,Finance,en
e2766884968bbff6e4cd4489b640c9a5,document controller contract,Finance,en
060d3f6f3831a1d307f910c60ac8540d,gestione dei rapporti istituzionali,Finance,it
9b77dac79c12bad649af292c13692478,responsabile del controllo finanziario,Finance,it
9a58667cac74342dd818069342c7d64b,treasury mgt market mgr,Finance,en
3869a1e1b28370af44cdd1d95ad38ff7,finance assistant credit control,Finance,en
5c5dfb606f78e168d24d54f04adb91bd,associate investment consultant db dc,Finance,en
0bb0c556ec772287357a2a1dd22c65b1,controller global technology solutions,Finance,en
ab0710bcf6e0d3e6ffd1c419a328da9b,vp corporate bank financial institutions group fintech,Finance,en
4ac44155548f4aa1926ad11d1e85d502,financial institutions director insurance wealth,Finance,en
1bc43dab1fefb3b619da7fa591f1bb3e,wealth management associate retirement group il springfield,Finance,en
640e3388ebabca0b9a48f49bed78f8c9,financial crime lead,Finance,en
6e8e03dd79cde19e52f26a60e548d35c,relationship banker allendale nj,Finance,en
eb2f19c753cba9adacc89add03239b4d,mortgage loan processor fte,Finance,en
debd2a080a153d2d720dfa245367f99f,controller manufacturing,Finance,en
70906efb4f427e09a414657ea607d972,hora espanhol caixa bilingue wilmington main,Finance,pt
3f0f279bacc48936b46de7e24b4069b4,assicurazioni federali sinistri servizi dallas la dc chicago ny,Finance,it
02d255cad5a38d81583fc3e36fb6065c,manager cloud risk,Finance,en
ae758a13733741928d1a5dfa1507961b,commercial finance business partner research triangle park north carolina careers at,Finance,en
56e71d7b2c4dc25bf519ea24610084d0,head teller flushing,Finance,en
c29647b57d67185f3444c2f2fae40ef3,emea pricing absolvent,Finance,de
22782082eadafdefc40c4a81356ae9d6,storeroom clerk rate,Finance,en
3482b2bdbc48215e5275dfd352ae2864,gestione commerciale dei soci,Finance,it
24c752a944824a32b406e8fac2229804,analista funzionale finance,Finance,it
b527768b7851f835d389c56b2b4d4bb6,post closer shipper,Finance,en
b738c5e65dceaf26b8592c64202519c0,teller bilingual hrs brier creek branch,Finance,en
564e168471f8e386513e83024431aa6c,consumer loan sale specialist,Finance,en
211400a242b35b65a7a2f931916d4042,banqueiro universal grande curva,Finance,pt
19536b98aeeb9634a405b6a306315149,services portfolio manager,Finance,en
e96ff10e8762474a65310cd089fd7ad9,personlicher banker north washington,Finance,de
2356c2fa401601b8928f09f995244107,kassierer teilzeit alte brucke,Finance,de
df4f8050625359058831d6e289ad7453,servizi finanziari sviluppatori,Finance,it
781b5d1242b598a4df8f31b0b9824fca,backoffice prozessor,Finance,de
5bff0862fc9984d7b62db098eeaeaf84,risk management processor,Finance,en
bbc17badb6f1eec5c00957c2f4f2829f,management accountant financial reporting,Finance,en
3c08e19ea57c1bb21d3139633aeb6390,wealth management team service specialist greater pittsburgh pa area,Finance,en
1500a2bd6cd986229c0457930f39a0c5,specialista di prezzi lock desk mutui,Finance,it
0d2ec2eb4f868fc4baff9eaed05a74f3,risk manager plataformas de produtos corporativos,Finance,pt
8c8d02a3f6841fe9f66b91a132662e19,consultor de hipoteca pessoal,Finance,pt
82e07c2fbb46eafb8fb26d2dcb428461,personal banker safe act marina del rey branch,Finance,en
055f820d37aa36072abd17f4f844d52d,branch relationship banker contingent galleria,Finance,en
735b55c76af8c6e64ab43017e4b35882,universal banker uc berkeley campus branch,Finance,en
9ccd140a89297fca8e45cef6e97d7f1d,consumer investments financial solutions advisor village drive fc fayetteville nc,Finance,en
6a82e59c622cf45c27214dd1f7b049aa,investment portfolio management,Finance,en
ee0966eefab91b9e50a42b83072eef55,necessario il contabile di londra centrale,Finance,it
d145ac5b2bca922e2f77b74455b0de2d,head credit,Finance,en
a186eb4dfc98869c4fd69bcd3583f6c1,automotive accounting hare bill estes auto groups,Finance,en
adc205eb44b7581eaae7b721de9e2f4e,development manager equities sustainable investment,Finance,en
1b733aa3d59db497872e574ff3048c4f,prep cook loganville chili,Food,en
cf93e3499f7602eefe15e4bb7c33d86a,denny cook,Food,en
18412c68c968a4b939fc97b4b86bfbb7,host hostess amara at paraiso chef michael schwartz,Food,en
8e7131a3e21b39a780fc7d76226f2e42,sous chef country hotel perto do norte de yorkshire,Food,pt
320226c7a7c6129d527b186f4d058336,allgemeiner catering assistent nottingham,Food,de
b0bb7b024da7748d6a6c0e5a4eda0394,traveling executive chef se minnesota,Food,en
1658e2484d84f452db2a5269dbac311d,direttore generale del ristorante veloce casual,Food,it
bb1cfcbfefc8ad75a9fd5cf35e5ab54d,store baker,Food,en
928bda96e065a5dbc23306f424978ce2,cozinhar despesas gerais do distrito de philadelphia,Food,pt
0e1a3442f4f27a0fbc379faf52103c34,colazione cuoco carlton outdoor center,Food,it
bfb77804199a8609e5d1657495269d1a,sous chef rosette boutique hotel,Food,en
6b3bd9d3a95c3f52edd465b9557728d2,assistente di cucina upmc misericordia,Food,it
cd87ecaceddfc8f49328c21724cc5bcc,torchy mueller cook,Food,en
8894aac9f9c006b712d154245c05e455,oficina supervisora de catering,Food,pt
44396cf21b440325761757c42efcb877,buca di beppo regelmaig kochen,Food,de
171b2245e0efdca64d8032af7eefd520,delhi indische kuche bar essenszubereitung,Food,de
8d3e9e9132865c7a842a18f021d4b6d3,kickstart hilfskoch koch,Food,de
970c7be92f64feb136626dacfe64b3a4,trabalhador lider de servico alimentacao middle tennessee st univ,Food,pt
dab1af0cf6f622a6c4dd089742b4e459,gerente de recepcao cambria hotel,Food,pt
62a9b811d3067d6048ca6b5373e01865,zweiter kuchenchef tagsuber frische saisonale kuche beliebtes cafe,Food,de
90f4f4c188edb7ccfda5951620ebb078,cozinhar casual hilton waikoloa village,Food,pt
4afc599a544673920e4b09bdab9cf9bc,chef hertfordshire care homes,Food,en
4528011f4247199a5201e6d72781f329,assistente de gerente restaurante morgan road,Food,pt
26d2558cafec2073b6a5dae1a308b24d,servico de alimentacao pt dia horas,Food,pt
175c281a05a7297dffc0cf67995c102f,sous chef al bournemouth marriott,Food,it
e12fb9342b8a32113bf157c6bb510966,ristorante equipaggio cuoco,Food,it
da3331367be1ff29f91f1ac2e1003feb,substitute lunch monitor sumner elementary,Food,en
7f34838961a65fa90ef3904a29ba3ac2,sushi koch fur restaurant gesucht,Food,de
58e50e6c5b10e9ce9a472416b3d31063,line cook kitchen managers,Food,en
1d4d773f902f41501082284712b5ee62,chef esecutivo di stile vita,Food,it
1e62407c7bdd81d54c72ae236ac549a9,addetto alla ristorazione pulcino fil student center universita dell alabama,Food,it
8c953d81fc7320760f3867f4e31acbb3,passionate chefs,Food,en
9522a31a2561c5481b037d1c0d72867b,chef dello stadio,Food,it
dc72676a9fe9d6c8878937b4f0744bf1,restaurant manager k plus bonuses sick of,Food,en
f64cc4245b8e6838ea2aa7763f64a747,rock grill cucina indiana bar line cuoco,Food,it
446d022f642b7f620cc50f5ebc646950,cook grill saute catering,Food,en
8b5ba5f2cf200f94b2f165fcaf365edb,sous chef aa rosette ristorante londra k,Food,it
ab169102e53435dc1a2c1f88b67d55b4,sommelier steward wine chicago il no america club,Food,pt
d5fd4bc4a665c6ad1a73919dca5a6d1e,agora contratando para varias funcoes de hospitalidade,Food,pt
fe3e9b1b21ae101e69efddcafb9732d6,auxiliar de cozinha bar block edimburgo,Food,pt
3ec534b269fcb1023a596fe91a94dd8e,dir die vorbereitung,Food,de
6201280dd99f6af5e5c3ffdeb5985b6d,food runner birmingham,Food,en
faa8994a89f58b743ea4f9b70e187423,restauracao gm lytham st,Food,pt
39c70cf05968a9cc51a70d58dfbd585c,food service worker pt,Food,en
03cbfe4884fdbb154640f94ce2f81dfc,tavolo da cucina di linea,Food,it
b568c0366a79f7ee961ab60416c530b1,food service worker ft nutrition,Food,en
acbeda02eafcb893377c164ea3e1791f,deli food service rep,Food,en
7aa3abcc8d82bd7b64558e13b6d2d7c2,boston tap room line cook,Food,en
8782a7757d2a2c1ceb1e9d482e247619,sous chef la brasserie ivy cobham,Food,it
60b41ecbf3004dcb0cdda4349222a2f9,cashier prep cook,Food,en
e5e33c6fcd4dcb85ce6b75d91fd15fc9,verkaufspersonal fur,Food,de
37e682363e948c7ed325b199b01982b1,chef cuochi tutti i livelli,Food,it
80e98babb6819afb8ea64edc163ee0f8,chef de partie dorset k tips stunning venue,Food,en
d30bd3d202af9834d7bc01592a467bcd,preparacao de cozimento linha taco plano,Food,pt
0788e779e84afa1190b1b2fea9c70605,supervisor de manutencao operacoes da planta,Food,pt
9a93bac803a1ffd145f25b5c2ab4b1bc,assistant restaurant manager bridge street,Food,en
4e30ac2e78a1d5f65772ef7953e43f62,panera bread mesquite catering events,Food,en
b134e325cc17cf42faaf343712ea2afd,parteivorsitzender sheffield,Food,de
d3156d224ac0b1f9a085faa508a6d674,utilita aiutante del servizio di ristorazione,Food,it
4e22fd8f221bd3eb7bec0311a9cc7e4f,kitchen staff starting at hr,Food,en
8d984a9edfc1b9a39bc9ed17299da88c,aiuto cucina cameriera,Food,it
cc111ad5c60a379d7bb4313db78b7f3a,cook mile applebee,Food,en
cde12e1e3bdc8cd055f8ef0c9294f97f,busser food runner paul hr ft pt,Food,en
c193d329b8730095261286937b3f9509,chef armagh,Food,en
ea62d1331a9b83985490688d0f6c2027,zweiter chef magna,Food,de
17d902a098641a3443b1e435b97cf5da,catering box lunch special nw atlanta,Food,de
cc6d7cce95eee1c704a95368c12961dd,general assistant catering caterham,Food,en
686c9fde58fd0bd4fd8cd15c5ffd7bfd,food service aide pt valley high school,Food,en
ab21443b96c36a7681cbe24068cac4db,laundry aide every other,Food,en
74829ab23d448f6c305ef3f5c9101540,multi unit sous chef,Food,en
59f453ab43831d6f4491d4bae1079f02,culinary pastry extern fall,Food,en
52c3ba253c6f6e322948c2ecba2760f7,kitchen supervisor chicken dinner restaurant,Food,en
04d89ea7f302fb92963d7272ef38572d,kitchen expo,Food,en
d07c1685b683c06dbd0a2c1f76ec4b69,baker cats academy,Food,en
d64ef9af0c4f108f1f44ea5ca2b2cf6b,hot springs ayr cook,Food,en
71a18d8b4aec7ccc856e5af052033bc5,chef de partie hawksmoor,Food,it
4591eab4843b0add62f5e97fc7b4b214,universidade ponto alto do chef de pastelaria,Food,pt
5674a65d8ef345e55181bf354449c958,chick fil restaurantleiter,Food,de
b73ea58070565660558b6a4a2533f24b,pousada sous chef em tempo integral,Food,pt
533a6156a7d8509c1479a9714ec29c83,mcdonald guest services,Food,en
944f42626f7feb39e89e1da84e33ffe8,personale supermercati cassa rifornimento gastronomia pane ortofrutta,Food,it
7287445be6e6b7c92252e520d0ff6c5a,backer,Food,de
d0110f857e4c04dc0604fa4e43d662f3,cook rd san antonio tx,Food,en
283f497f48cbc8667c78a46c25d628f2,cuoco sportivo,Food,it
cade1fcd3cb36774de86e4d2997faa46,agency chefs,Food,en
744e72ddd1592174ada261c88641e65c,rs hospitalidade estrategica dell diamond prep cook,Food,pt
368c5889bdbeac1fa4f22110a7f443fc,nuova di sous chef,Food,it
0d1a7ebab971c8835044ee72be590a06,linea cuoco siracusa,Food,it
2ba502aa6f9362bddb0b85b1de02137e,spar food vai al negozio di assistente panetteria,Food,it
0a278d6eea2a47ee6df44e5ff8cc3eb7,preparazione del cibo in linea a partire dalle h,Food,it
07839a24e11e701b3725931e3c3e4c4a,restaurant administrator the ivy asia chelsea,Food,en
b290b9dc5c3bb2061215057c5f2322b6,frozen food lead,Food,en
fed4528b26f50248d7589760005f2443,sous chef world food gypsy hill londra k,Food,it
722543fd19fb63a7741738a70fc576bb,addetti di cucina banco pescheria fast food,Food,it
268019e3eed1dfa63e356cb08a907e2a,busser barback cibo corridore,Food,it
fa9c467f5f6d271a71c1af539ca8218f,production operatives henderson kitchen,Food,en
c66d2028085e07e73c22904e5ace1523,cook lakewood,Food,en
bfd439509193612e35c62d2987a88662,food service dietary aid,Food,en
1eec2bbd11345a50eefa01a397f8e267,ng cafe cook,Food,en
aebed75bb7d57aecc9ddbc1399718e0f,backshift operacional de producao alimentos,Food,pt
375f464686df77996bb7af51a8857591,profissional de tecnologia da informacao,IT,pt
309bc46a3c1ecab700ac1b44d60e69b1,technician support specialist,IT,en
7e807eed99bf3502857ddd7241a7ee68,systems engineer msp,IT,en
6b6efea16deb0400c4f9a242354d59fe,validazione dei sistemi di prodotto specialista tecnico eaton cummins tecnologie trasmissione automatizzata,IT,it
efecbe27dc5503c9c69c1590e0242542,responsabile ingegneria sistemi aria a distanza,IT,it
48dfc96610a2b04da1ce15168e605a65,fullstack engineer focus on front end,IT,en
bc0ec21930a74073ed097bcd3b4efa9c,anwendungstechniker fur power management hardware,IT,de
97a3b699ff45abf55cff06baa97c2e98,health sensing hw modeling engineer,IT,en
b1a0fd71af530651cab477eee4308232,leader di prodotto enterprise digital mining,IT,it
f9cb8467409e99c56ab4061492bef8a5,concede contratti amministratore ricerca internazionale,IT,it
821e9249b0ad4db57fea512c2b018341,addetto al controllo qualita analitica,IT,it
798d95545807d16ce833a45888379862,ingegnerizzare i dati dei clienti java,IT,it
e185493ed9080c3a14b6080481b98411,desenvolvedor ios swift,IT,pt
766751aef81463ea375131d44e1760f1,mobile developer swift fintech,IT,en
f26295af2b29e7b9354772d9b5520207,front end engineer no corp,IT,en
849d8622022ed3c73246288a7f946b52,lead software engineer online,IT,de
9442c4341a08f9695148893cf1e1b62a,engineer pw aftermarket repair ops,IT,en
44df8437b993bcb51ec44534cbd86d2d,co op web application software engineer,IT,en
cad86b9df2c2fbc1f04cb8080bb788c2,principal sw engineer analytics team,IT,en
e56091ec33c9aedb6be77dcd34752496,express service writer advisor,IT,en
27bff929e6e10e286712bd374084318c,software development engineer test psa,IT,en
9367b797010744d8d84fe47ef4ec7f74,ssrs report developer,IT,en
e820e77ed4d952fa417e973a638dec99,developer il servizio sistema informatico universita di urbino carlo bo,IT,it
68cdc076180b535478e26075c83e1cb8,backend engineer crm contact lead management,IT,en
d0dbec1d053b77126a350aacc458c939,software engineer net core azure angular,IT,en
f8decd88c610294823dbe4ff3da0408c,stack engineer data visualization,IT,en
91879914bed13163f2643fdc95e7ac57,staff engineer metals center of excellence advanced technology,IT,en
277196f0d8974e5c70f0805b98cf2dec,pre sales engineer architect,IT,en
de65c94786ed540275e2a6c7bcf0d6eb,director technology eden prairie mn,IT,en
847332528ac5bb18841a0b95fba72956,software praktikum,IT,de
f512311ce84062bdb98b6298c2fc3647,engineering director datenplattform,IT,de
8899e93dd3f928c622f1a06269f7d6ee,personalbeschaffung fur optiker,IT,de
00ec6bd93837b2484044c86bb566981d,software engineer location,IT,en
fb700adb55a2e2341844346aa764bd61,operazioni di rete degli ingegneri sistema,IT,it
ea3ee5e1917d53b4fceb747f254a7dd9,architect data architecture,IT,en
4693ce2bdf083024ac9d04fa07de49dd,telecom billing consultant,IT,en
d72d7570f5fb92875bce8fa4d7ebd581,python django web developer,IT,en
8f1b02bcfa62ff51846ca12e89fefd1a,qa automation tester sdet ui,IT,en
9c0bcf7a7f52805c2d7a48ea1474b85e,specialista in assistenza legale,IT,it
3cdc262bc055d6a3a1f5aa1d29fb05d5,cloud systems architect,IT,en
17f12cd8ce85c4f4c5fa5f1d3c8183ee,marketing assistant albuquerque nm,IT,en
30e30327bf885c7e9297e52b5c5669e7,interfaccia sw ingegnere ai,IT,it
757f947c23e7c5780ccd7dedca3239d3,mainstream beratung fur zivile infrastruktur in hertfordshire,IT,de
0da7041e4b0dc8f207c46422809bd46b,sviluppatore di strumenti ingegneria del software,IT,it
7b7a0227a05af3db8f9f3f85102db268,leitender software ingenieur entwickler,IT,de
74b017b1207308622fb60cc9c172c522,softwareentwickler linux tcp ip,IT,de
0230d6f3e74bc4b16d1b268214ecdac4,sviluppatore java di gestione team,IT,it
2d8a0b7817ddb126b49faf40d7311461,director of ecommerce interactive gaming,IT,en
4061569bce1f323580187c356fc57428,engenheiro de sistemas operacoes infraestrutura em nuvem,IT,pt
e076ced9672fcbab2feb5c4364ee834e,lead software developer engineer java javascript microservices,IT,en
b8bf59ed806c52a9ebbc3cad3f0ccc4c,java boot microservices engineer,IT,en
d46c5ffd606f973a67ce56743372b7b7,engenheiro de sistemas eletronicos nivel automotivo,IT,pt
63fcedb03fd946b722736fc615f0a08f,specialista in contabilita di cespiti con oracle,IT,it
de38e5176bfbc22741630ff37b57904f,database administrator con conoscenza di sql,IT,it
acc12d3989fd462131ca1994e3a80a87,associate cyber technical cloud,IT,en
56b77ae26811b673f2a55be9d1d59656,sviluppatore di medio societa sicurezza domestica,IT,it
3ac63b18cb771fd94b4da5582631cd94,direttore della cura del prodotto guida l dell utente piattaforma,IT,it
99fa2e27898f6bdee5cd2b9d05beef96,nx cam post processor simulation kit developer,IT,en
08bfad9e414c7326fea430f3989e517e,ingegnere del software progettazione guidata dalla macchina,IT,it
7bfd186d01f0900da72eeb2d9cddac55,rails app developer shareworks by morgan stanley,IT,en
afee90cf6308e5f0afc4e3e8ad5290c7,javascript trainer,IT,en
6d5584a0c343613c7f72e325cf245afa,lider de tecnologia av,IT,pt
10c8c9f8799134ec8fec43901d52841e,modulo de fabricacao jd edwards,IT,pt
cee20d13f9a552d0312606af883cea50,azure devops tech lead global business k package pension fully,IT,en
a03dca2390868a878cd7dcc206d6ef0c,specialista in soluzioni di digital signage,IT,it
9fd70ea439bc7b2be831f289380dd618,pwc tech servicenow developer platform integration support,IT,en
3b773b46e857fa83a078f5dbeeafb34e,sviluppatore di software temporaneo,IT,it
0b0924deec1f8326f6838f8dae530137,ingegnere informatico capo palo alto ca,IT,it
12ebb634c33d058131e6b961c97cf6e2,test evaluation systems engineer,IT,en
895eaec25d0eb64f5ca2cc79a5a7c3bb,credit workflow specialist,IT,en
378bf68634b7e847902d7e75ca440598,principal software engineer t,IT,en
e0988cc54b434bb59eacc58772522d76,cloud systems administrator hadoop unix linux,IT,en
534cbf6790ea8ec96c3d6c431ffaaf45,oracle cloud integration l support uk,IT,en
b89424e1545cdff790f51899e2914d9d,spezialist fur unternehmens it schulungen,IT,de
4ebfa9852fc24c8785057a636d9710e0,servizi di assicurazione specialista consegna analisi a est piu citta,IT,it
3cab9cc6e398314b60671b84c503f93c,coordinatore dell annotazione del data engineer,IT,it
063722099ef1a65061ab2b9bfc298658,lab systems administrator,IT,en
99636c130986e1a969f310bd8c8d1c99,desenvolvedor de software com base remota,IT,pt
af1a76ea9dd230421f0470ccb0fc1c7b,controllo,IT,it
f20696ff828b815207281460e962f45a,arquiteto de sistemas solucoes,IT,pt
88e3f5ee154108cce9bfe943dcaca119,lead developer analytics products,IT,en
32862c5fe91690ca49a797682038dc83,software engineer consultant,IT,en
dd89c3ef92b7c3c587eaa88948077a88,programmatore stack,IT,it
f5ae9145745231a13ef9e3bc8c31e34d,associate software engineer pathways,IT,en
878eefab4080043072692cc8e0355139,software developer games,IT,en
7d439679f3be7ed0ea4f14d2599aa967,presales losungsarchitekt unternehmen,IT,de
64f5a43bda04cafdb7d9e22bc83f60be,engenheiro de metodologia implementacao cpu,IT,pt
900dd3c5fe71dc640b6e72adb48a505b,ai ml siri software engineer audio,IT,en
8e7e3c4e568b341061f7303d340344d5,net core developer saas fintech,IT,en
dabeabeb9315a31985f1ffeba6a02eac,laboratori di simulazione volo ingegnere software associato in tempo reale,IT,it
a49e285996bfa65293735f7757f54751,desenvolvedor net sql k equity,IT,pt
5613526978f1f41a6656848ef71753ce,engenheiro de suporte tecnologia usuario final,IT,pt
73353dc2754a1b0c0ebbb1b36c9a1e9d,engineering manager abgelegene westkuste,IT,de
a80ab5ae373bb66acc5f01749bf3246e,dir it security strategy ops,IT,en
67134ef52b07316c0612c79ec3899e1e,desenvolvedor net contratante de sistemas financeiros,IT,pt
46858ce728536e9fe8ce87775380a327,engenheiro associado de suporte a mainframe,IT,pt
bcce6383e33d97500f5b94e305b4db2c,desenvolvedor de back end lider dentro ir,IT,pt
35b5b847d888ac8aafc06a02610c8136,postgresql oracle dba,IT,en
15ae59d2f4fe48135054ddd1cd15ed5e,it tecnico st line support southampton,IT,it
c2f5e755a24d8422a0a92fb144abd9f3,application programmer java,IT,en
3d124c9aaac4fb1f93fc2b62ee65a76d,gp practice band clinical pharmacist is norwich,Medical,en
411ff372a5da9eb427e67053ee188153,metro seattle washington plastic surgery opportunities,Medical,en
8b3883bfc881e915c68e3f3f933c86b6,physical therapist assistant therapy,Medical,en
982ef000cda2e29dfe836ef81ebbc28a,entfernter psychiatrischer kliniker lcsw lmsw cc lcpc,Medical,de
33639cd06a48923d2e65d91101f6ccf8,camhs inpatient clinical psychologist,Medical,en
98165c9621f4f3252f14f1fe3a2defae,veterinary cardiologist at red bank hospitals,Medical,en
d4025e666ec27fbac18530dea572765f,oncology pharmacy technician dispensary,Medical,en
f5b5e6d5992a5e313b68a433f5f26a2b,nca radiology operations manager,Medical,en
de9b321dc96a73b09b05872468a687f0,locum berater respiratorische medizin sw england monate,Medical,de
f5ff8e38dd7cfc86758392941f5c7252,thai massage therapist,Medical,en
16a7bb56e9690b404d312b7246436eb4,il fine settimana di aiuto farmacologico certificato raddoppia,Medical,it
57e0d3655912e101b24ac7d2497b20d9,hematology oncology wilson nc,Medical,en
0a9f306bd5e5f790d31f31c8facd46bd,comprador de farmacia,Medical,pt
15e9aa731deaf71d2b88961edeb298d9,consultant general medicine elderly care,Medical,en
c34b191a29f274fd6361db06de0709bd,sw clinical advisor for pathology,Medical,en
a98dd8488408a151317d2ee94045d696,locum band comunidade reabilitacao fisioterapeuta trabalho surrey,Medical,pt
d990ce096aea63effacde58e8fa8ad1f,viaggio chirurgico tech prima settimana di assistenza,Medical,it
15d15f6e2b14d1dc4c2e8244a7cf6c94,slp ccc interviewing arizona tech clinical support,Medical,en
46b91bf77fcf2131882fe2a78aa71362,locum leute suchen eine fy arbeit fur allgemeinmedizin in cambridgeshire,Medical,de
5b19c82f960dd8554521af72f78d1661,internal medicine pharmacist,Medical,en
0636dde56ada10d257aac71ccfe84e94,dentista associado haverfordwest,Medical,pt
3e5ba11df6fe919afbb0d84ec60b6a26,gerente de projetos cerner clinicos,Medical,pt
2eb5ad5e601251d01bcbe04f6114cd0b,neurosurgery app ft lauderdale fl,Medical,en
010d23edbc73fd293ecb885afc94da0d,locum band hand therapy occupational therapist south west london,Medical,en
b0260500d6a898ef291d90f3cddec4e5,optometrist knoxville tn target optical,Medical,en
168dd4e6078e75d7eada36c4f0115ec7,sho respiratory medicine lancashire month initially,Medical,en
fee45334307e4a8a8325901361b500e0,physical therapist hospital based,Medical,en
d2df49ce640cbaf79d34e176620bfb1c,consultants ophthalmology glaucoma,Medical,en
7dad3f81262c91c4769cf06aac118832,respiratory therapy manager,Medical,en
f00d7d4d49d0dde20dc6185876a5f30d,certified surgical associate sebring,Medical,en
9ed0a4f89ccca70311fece6d1b6b35e5,consultor de aconselhamento clinico psicologo,Medical,pt
c96547cb3bb206a6eb58a4013640dd57,physician nephrologist,Medical,en
433030003525383933eb8e619c70761e,optometrista na richmond virginia,Medical,pt
68cbb3ce997008938e41dcdb0f9afdde,professor pediatric cardiothoracic surgery division,Medical,en
56170440141cd12d507f8425ffd5444a,physical therapist acc,Medical,en
409fda7b19ffdf4480de4254d2576b9b,physical therapist st mary outpatient rehab our lady of lourdes,Medical,en
3b0bc90d0f34d3339919834f4a0d0eb2,psicologo nc departamento de seguranca publica,Medical,pt
fc9ac943c1c2d0dff556b990d1edabdb,rrt terapista respiratorio ft,Medical,it
5b8cd90ab75c0b35c7022ffc2512f8cb,hospital employed radiologist for northern illinois,Medical,en
a5d7f1391e0de05d4686daeb17181050,medico investigador principal,Medical,pt
d8f5da928c9effb0230667752d08f92e,physician beautiful middle tennessee,Medical,en
51d864763e0d6d88f5adbc7a28749d96,sho diabetes endocrinology lincolnshire,Medical,en
749f99150e54d5bcd0340e42652eccbd,intensivist faculty physician,Medical,en
ead3f8630c9e10151ee7b356405e8d40,akut ergotherapeuten band,Medical,de
fb005eca1d854134ae29c8b60982ec42,pharmacist stoke on,Medical,en
cf2844f38ec684a584bc2f89a93e6d8c,credentialed veterinary technician supervisor shift,Medical,en
90e3a7f4dc47f7f4df4a3305793ae620,massage therapist tunbridge wells,Medical,en
493c351ee3a02d1716da0d42f92a2a77,behavioral health sitter,Medical,en
c841172de88a5a1b17cbca4cc244e142,bank gemeinschaft klinische therapie unterstutzung arbeiter krankenhaus hausliche pflege,Medical,de
4442a39c772a87775b9517f821467ac7,psychiatry south central pennsylvania,Medical,en
57d8a7fd5f1dee7c9685049fb9f45342,travel respiratory therapist flagstaff arizona,Medical,en
833c1f392b92508e514db03179a96f59,certified ophthalmic technician emergency dept,Medical,en
6383dd553ad30ae883e64047b0cc9ac2,consultor cirurgiao de mao orlando fl,Medical,pt
8d3d36ddabd10b992062110d82acea50,consultant rheumatology west yorkshire months,Medical,en
8df67c7e0a0326ebc359fcce15afdb97,terapeuta respiratoria registrada nossa senhora de lourdes campus principal,Medical,pt
1cd03dc15a9e9463861493883b0022e2,locum consultant radiology with interest chest paediatrics,Medical,en
1f92ba56d51172657fd5144c9c022784,fisioterapeuta escocia,Medical,pt
bf3093c20ba2c73a2a75cd82732ce99c,associate veterinarian k lewiston me,Medical,en
21b12fac9b4a92ad0c8c4a1c53864105,spezialisierter physiotherapeut nottingham,Medical,de
15ad3c7f938c5fd2a0e1566bd727de87,respiratory therapist fort walton beach fl,Medical,en
c8c3bfa1eb629886da0d6ed0a3b4294f,coordenador de ortopedia,Medical,pt
a80d57dcc32818546fe4a0b79825e8bd,ultrassonografista cdh registro de casa ultrassom rotativo,Medical,pt
1e17b31efe40fb07c0656a8dd74d6189,pharmacy technician sterile products compounding evenings,Medical,en
6e6830034d891dfe206e66d8ff6a09dd,float physician pediatrics,Medical,en
dc2182fe5f4d63065e95d7af944a4a53,clinical quality review specialist,Medical,en
c94bf7024912a7a25a88b7ad4ba768dc,physician san antonio,Medical,en
15f07398942b8910bee23869cf9d88e7,manager klinische apothekendienste,Medical,de
81873ad2433aae5d8de7dc1f8645b930,registrar general medicine,Medical,en
e7d5d4dab4ca20ab7b02368effd7c181,mrt technologen,Medical,de
b5eadc03e24fffade27ab014506d4a75,clinical faculty medicine,Medical,en
c274438656454e0a727ed9bc2a93a5f5,chef der unfallchirurgie philadelphia,Medical,de
487c9f6ecbe689df7e5a790efcdd682c,consultant general adult psychiatry south central,Medical,en
a8c112a4f2942f6b0f517165fd876f99,physical therapy assistant lake region,Medical,en
b71b5538d825c37f9abbe6f7d047249c,specialist dietitian allergy asthma,Medical,en
bc2585b3d44fee423a340350780816d5,apotheken hamilton ohio,Medical,de
13087246892eb49601d77e5a78e04ed5,assistente de medicacao para cuidados com a memoria,Medical,pt
e7f0b8aef6f7d3a236cd6a0726e5a39e,sho medicine nottingham mesi,Medical,it
ee33ee8c6e711a2b6af2daf7af2c38cf,sho general medicine rotation,Medical,en
e89b60912a1477e47b91760544529ddd,customer advocacy clinical specialist,Medical,en
d0b5b54f675a3d679f9a5c259530cb22,spr general medicine isle of wight,Medical,en
bd480b7324d589a578ace409d6472297,fy ho general medicine merseyside months,Medical,en
85a42e37ec4273af60df76689b3109ef,gemeinschaft padiatrie neuro behinderung erfahrene band vollzeitstelle physiotherapeut south west surrey,Medical,de
9b818ba447db8963984b7428dde29c4c,ct radiographer ph devon,Medical,en
bcca2e3a5b1863d2b695e8619565fe1c,specialist registered orthodontist,Medical,en
c5aaff1de862e735a127ffc3364c6deb,pharmacist southall,Medical,en
1f0c36197786f6ed46b300304ff137c4,band physiotherapist paediatrics,Medical,en
179dfa04f6f59c08e0dad771c902e382,rolle der kinderpsychiatrie in massachusetts,Medical,de
4e90214138c5116ed8d6cba6ac651abc,flutuador de medico urgencia,Medical,pt
3242ae2800f1dc07752484268b5c3cd7,psicologo escolar chicago,Medical,pt
e686744787ee80ab8a8c9fa1a4ada37a,specialista in salute comportamentale aspire centro di servizi i giovani campus montagna,Medical,it
5523e32227a0ae7e4d35902ef01fe83a,travel interventional radiology tech,Medical,en
8aabe0c3489c1a8d2c782c9c2232e440,physical therapist assistant hill fl,Medical,en
f6c11ce724e7af586cedb954ae7a7962,supervisor operations clinical,Medical,en
7358a993324ef452c788261ccfc5f544,verhaltensunterstutzungsassistent der mit einem kind arbeitet,Medical,de
ed18bfa997b00de0724f9394520547af,financial counselor acu psychiatry adult springhill gainesville,Medical,en
0a28186f1954859bf2a933eb18a404aa,psychology sheffield,Medical,en
f7e7bbcfe410a0b107c84f1707ddd11f,rrt operatore di cure respiratorie,Medical,it
0469b1e566052edd0a121f91cb957653,consultant urology huntingdon months,Medical,en
52c71e9f945a991bf31864dc03238f83,radiologic technologist hadley ma,Medical,en
b05ab834fd3fda4fb2af75da5b53e34a,locum operational clinical lead psychology buckinghamshire,Medical,en
